Workbook

Sheet Catálogo
A1: Incluir | B1: Nombre | C1: Marca | D1: Categoría | E1: Precio referencia | F1: Oferta referencia | G1: Precio NAC | H1: Oferta NAC | I1: Precio manual | J1: Sabores / tamaños | K1: Stock | L1: Más vendido | M1: Nuevo | N1: Archivo de foto | O1: Notas
A2: Sí | B2: Creatina Platinum MuscleTech | C2: MuscleTech | D2: Creatinas | E2: 139000 | G2: =IF(I2<>"",I2,ROUND(E2*(1-Ajustes!$B$3),-3)) -> 118000 | H2: =IF(F2="","",ROUND(F2*(1-Ajustes!$B$3),-3)) | J2: Ej: Chocolate, Vainilla | K2: 10 | L2: Sí | M2: No | N2: products/creatina-platinum-muscletech.jpg | O2: Tenía rango hasta $147.000: agrega tamaños en Sabores/tamaños
A3: Sí | B3: Iso 100 5LB | C3: Dymatize | D3: Proteínas limpias | E3: 620000 | F3: 591000 | G3: =IF(I3<>"",I3,ROUND(E3*(1-Ajustes!$B$3),-3)) -> 527000 | H3: =IF(F3="","",ROUND(F3*(1-Ajustes!$B$3),-3)) -> 502000 | K3: 10 | L3: Sí | M3: No | N3: products/iso-100-5lb.jpg
A4: Sí | B4: TNT Mega Mass Gainer 10LB | C4: TNT | D4: Hipercalóricos | E4: 245000 | F4: 237000 | G4: =IF(I4<>"",I4,ROUND(E4*(1-Ajustes!$B$3),-3)) -> 208000 | H4: =IF(F4="","",ROUND(F4*(1-Ajustes!$B$3),-3)) -> 201000 | K4: 10 | L4: Sí | M4: No | N4: products/tnt-mega-mass-gainer-10lb.jpg
A5: Sí | B5: Nitro Tech Whey Gold 5LB | C5: MuscleTech | D5: Proteínas limpias | E5: 420000 | F5: 393000 | G5: =IF(I5<>"",I5,ROUND(E5*(1-Ajustes!$B$3),-3)) -> 357000 | H5: =IF(F5="","",ROUND(F5*(1-Ajustes!$B$3),-3)) -> 334000 | K5: 10 | L5: Sí | M5: No | N5: products/nitro-tech-whey-gold-5lb.jpg
A6: Sí | B6: 100% Whey Gold Standard 5LB | C6: Optimum Nutrition | D6: Proteínas limpias | E6: 500000 | F6: 465000 | G6: =IF(I6<>"",I6,ROUND(E6*(1-Ajustes!$B$3),-3)) -> 425000 | H6: =IF(F6="","",ROUND(F6*(1-Ajustes!$B$3),-3)) -> 395000 | K6: 10 | L6: Sí | M6: No | N6: products/100-whey-gold-standard-5lb.jpg
A7: Sí | B7: CR7INE Dynamic 450G | C7: Otras marcas (verificar) | D7: Creatinas | E7: 96000 | F7: 69000 | G7: =IF(I7<>"",I7,ROUND(E7*(1-Ajustes!$B$3),-3)) -> 82000 | H7: =IF(F7="","",ROUND(F7*(1-Ajustes!$B$3),-3)) -> 59000 | K7: 10 | L7: Sí | M7: No | N7: products/cr7ine-dynamic-450g.jpg | O7: Verificar marca
A8: Sí | B8: Bipro Classic 3LB | C8: Nutramerican | D8: Proteínas limpias | E8: 290000 | F8: 264000 | G8: =IF(I8<>"",I8,ROUND(E8*(1-Ajustes!$B$3),-3)) -> 247000 | H8: =IF(F8="","",ROUND(F8*(1-Ajustes!$B$3),-3)) -> 224000 | K8: 10 | L8: Sí | M8: No | N8: products/bipro-classic-3lb.jpg
A9: Sí | B9: Nitro Tech 4LB | C9: MuscleTech | D9: Proteínas limpias | E9: 370000 | F9: 347000 | G9: =IF(I9<>"",I9,ROUND(E9*(1-Ajustes!$B$3),-3)) -> 315000 | H9: =IF(F9="","",ROUND(F9*(1-Ajustes!$B$3),-3)) -> 295000 | K9: 10 | L9: Sí | M9: No | N9: products/nitro-tech-4lb.jpg
A10: Sí | B10: Whey Pure 5LB | C10: Nutramerican | D10: Proteínas limpias | E10: 311000 | G10: =IF(I10<>"",I10,ROUND(E10*(1-Ajustes!$B$3),-3)) -> 264000 | H10: =IF(F10="","",ROUND(F10*(1-Ajustes!$B$3),-3)) | K10: 10 | L10: Sí | M10: No | N10: products/whey-pure-5lb.jpg
A11: Sí | B11: 100% Whey Gold Standard 2LB | C11: Optimum Nutrition | D11: Proteínas limpias | E11: 280000 | F11: 256000 | G11: =IF(I11<>"",I11,ROUND(E11*(1-Ajustes!$B$3),-3)) -> 238000 | H11: =IF(F11="","",ROUND(F11*(1-Ajustes!$B$3),-3)) -> 218000 | K11: 10 | L11: Sí | M11: No | N11: products/100-whey-gold-standard-2lb.jpg
A12: Sí | B12: Bipro Classic 2LB | C12: Nutramerican | D12: Proteínas limpias | E12: 210000 | G12: =IF(I12<>"",I12,ROUND(E12*(1-Ajustes!$B$3),-3)) -> 179000 | H12: =IF(F12="","",ROUND(F12*(1-Ajustes!$B$3),-3)) | K12: 10 | L12: Sí | M12: No | N12: products/bipro-classic-2lb.jpg
A13: Sí | B13: Smart Gainer 3LB | C13: Nutramerican | D13: Hipercalóricos | E13: 120000 | F13: 101000 | G13: =IF(I13<>"",I13,ROUND(E13*(1-Ajustes!$B$3),-3)) -> 102000 | H13: =IF(F13="","",ROUND(F13*(1-Ajustes!$B$3),-3)) -> 86000 | K13: 10 | L13: Sí | M13: No | N13: products/smart-gainer-3lb.jpg
A14: Sí | B14: Carnivor 0 4LB | C14: MuscleMeds | D14: Proteínas limpias | E14: 314000 | F14: 287000 | G14: =IF(I14<>"",I14,ROUND(E14*(1-Ajustes!$B$3),-3)) -> 267000 | H14: =IF(F14="","",ROUND(F14*(1-Ajustes!$B$3),-3)) -> 244000 | K14: 10 | L14: Sí | M14: No | N14: products/carnivor-0-4lb.jpg
A15: Sí | B15: Crea Stack 60 Servicios | C15: Otras marcas (verificar) | D15: Creatinas | E15: 140000 | G15: =IF(I15<>"",I15,ROUND(E15*(1-Ajustes!$B$3),-3)) -> 119000 | H15: =IF(F15="","",ROUND(F15*(1-Ajustes!$B$3),-3)) | K15: 10 | L15: Sí | M15: No | N15: products/crea-stack-60-servicios.jpg | O15: Verificar marca
A16: Sí | B16: Platinum Multivitaminico 90 Tabletas | C16: MuscleTech | D16: Multivitamínicos | E16: 87000 | G16: =IF(I16<>"",I16,ROUND(E16*(1-Ajustes!$B$3),-3)) -> 74000 | H16: =IF(F16="","",ROUND(F16*(1-Ajustes!$B$3),-3)) | K16: 10 | L16: Sí | M16: No | N16: products/platinum-multivitaminico-90-tabletas.jpg
A17: Sí | B17: Atomic HCL 600G | C17: Otras marcas (verificar) | D17: Creatinas | E17: 108000 | F17: 86000 | G17: =IF(I17<>"",I17,ROUND(E17*(1-Ajustes!$B$3),-3)) -> 92000 | H17: =IF(F17="","",ROUND(F17*(1-Ajustes!$B$3),-3)) -> 73000 | K17: 10 | L17: Sí | M17: No | N17: products/atomic-hcl-600g.jpg | O17: Verificar marca
A18: Sí | B18: Legacy 50 Servicios | C18: Otras marcas (verificar) | D18: Creatinas | E18: 136000 | F18: 121000 | G18: =IF(I18<>"",I18,ROUND(E18*(1-Ajustes!$B$3),-3)) -> 116000 | H18: =IF(F18="","",ROUND(F18*(1-Ajustes!$B$3),-3)) -> 103000 | K18: 10 | L18: Sí | M18: No | N18: products/legacy-50-servicios.jpg | O18: Verificar marca
A19: Sí | B19: Creactor | C19: Otras marcas (verificar) | D19: Creatinas | E19: 160000 | F19: 137000 | G19: =IF(I19<>"",I19,ROUND(E19*(1-Ajustes!$B$3),-3)) -> 136000 | H19: =IF(F19="","",ROUND(F19*(1-Ajustes!$B$3),-3)) -> 116000 | K19: 10 | L19: Sí | M19: No | N19: products/creactor.jpg | O19: Verificar marca
A20: Sí | B20: Creatina Optimum Nutrition 600G | C20: Optimum Nutrition | D20: Creatinas | E20: 190000 | G20: =IF(I20<>"",I20,ROUND(E20*(1-Ajustes!$B$3),-3)) -> 162000 | H20: =IF(F20="","",ROUND(F20*(1-Ajustes!$B$3),-3)) | K20: 10 | L20: Sí | M20: No | N20: products/creatina-optimum-nutrition-600g.jpg
A21: Sí | B21: 100% Whey Gold Standard 10LB | C21: Optimum Nutrition | D21: Proteínas limpias | E21: 734000 | F21: 714000 | G21: =IF(I21<>"",I21,ROUND(E21*(1-Ajustes!$B$3),-3)) -> 624000 | H21: =IF(F21="","",ROUND(F21*(1-Ajustes!$B$3),-3)) -> 607000 | K21: 10 | L21: No | M21: No | N21: products/100-whey-gold-standard-10lb.jpg
A22: Sí | B22: Iso 100 3LB | C22: Dymatize | D22: Proteínas limpias | E22: 480000 | F22: 444000 | G22: =IF(I22<>"",I22,ROUND(E22*(1-Ajustes!$B$3),-3)) -> 408000 | H22: =IF(F22="","",ROUND(F22*(1-Ajustes!$B$3),-3)) -> 377000 | K22: 10 | L22: No | M22: No | N22: products/iso-100-3lb.jpg
A23: Sí | B23: Nitro Tech 2LB | C23: MuscleTech | D23: Proteínas limpias | E23: 250000 | F23: 233000 | G23: =IF(I23<>"",I23,ROUND(E23*(1-Ajustes!$B$3),-3)) -> 213000 | H23: =IF(F23="","",ROUND(F23*(1-Ajustes!$B$3),-3)) -> 198000 | K23: 10 | L23: No | M23: No | N23: products/nitro-tech-2lb.jpg
A24: Sí | B24: Nitro Tech 10LB | C24: MuscleTech | D24: Proteínas limpias | E24: 540000 | F24: 512000 | G24: =IF(I24<>"",I24,ROUND(E24*(1-Ajustes!$B$3),-3)) -> 459000 | H24: =IF(F24="","",ROUND(F24*(1-Ajustes!$B$3),-3)) -> 435000 | K24: 10 | L24: No | M24: No | N24: products/nitro-tech-10lb.jpg
A25: Sí | B25: Nitro Tech Ripped 4LB | C25: MuscleTech | D25: Proteínas limpias | E25: 342000 | F25: 317000 | G25: =IF(I25<>"",I25,ROUND(E25*(1-Ajustes!$B$3),-3)) -> 291000 | H25: =IF(F25="","",ROUND(F25*(1-Ajustes!$B$3),-3)) -> 269000 | K25: 10 | L25: No | M25: No | N25: products/nitro-tech-ripped-4lb.jpg
A26: Sí | B26: Syntha 6 5LB | C26: BSN | D26: Proteínas limpias | E26: 360000 | F26: 342000 | G26: =IF(I26<>"",I26,ROUND(E26*(1-Ajustes!$B$3),-3)) -> 306000 | H26: =IF(F26="","",ROUND(F26*(1-Ajustes!$B$3),-3)) -> 291000 | K26: 10 | L26: No | M26: No | N26: products/syntha-6-5lb.jpg
A27: Sí | B27: Serious Mass 6LB | C27: Optimum Nutrition | D27: Hipercalóricos | E27: 258000 | F27: 238000 | G27: =IF(I27<>"",I27,ROUND(E27*(1-Ajustes!$B$3),-3)) -> 219000 | H27: =IF(F27="","",ROUND(F27*(1-Ajustes!$B$3),-3)) -> 202000 | K27: 10 | L27: No | M27: No | N27: products/serious-mass-6lb.jpg
A28: Sí | B28: PASE Día de Muertos 2026 | C28: Otras marcas (verificar) | D28: Pre-entrenos | E28: 98000 | G28: =IF(I28<>"",I28,ROUND(E28*(1-Ajustes!$B$3),-3)) -> 83000 | H28: =IF(F28="","",ROUND(F28*(1-Ajustes!$B$3),-3)) | K28: 10 | L28: No | M28: Sí | N28: products/pase-dia-de-muertos-2026.jpg | O28: Verificar marca
A29: Sí | B29: Intenze Halloween 2026 | C29: Otras marcas (verificar) | D29: Pre-entrenos | E29: 155000 | F29: 130000 | G29: =IF(I29<>"",I29,ROUND(E29*(1-Ajustes!$B$3),-3)) -> 132000 | H29: =IF(F29="","",ROUND(F29*(1-Ajustes!$B$3),-3)) -> 111000 | K29: 10 | L29: No | M29: Sí | N29: products/intenze-halloween-2026.jpg | O29: Verificar marca
A30: Sí | B30: V-Gana PRO 1.5LB | C30: Otras marcas (verificar) | D30: Proteínas limpias | E30: 99000 | G30: =IF(I30<>"",I30,ROUND(E30*(1-Ajustes!$B$3),-3)) -> 84000 | H30: =IF(F30="","",ROUND(F30*(1-Ajustes!$B$3),-3)) | K30: 10 | L30: No | M30: Sí | N30: products/v-gana-pro-1-5lb.jpg | O30: Verificar marca
A31: Sí | B31: Creatina IMN 500G | C31: IMN | D31: Creatinas | E31: 118000 | G31: =IF(I31<>"",I31,ROUND(E31*(1-Ajustes!$B$3),-3)) -> 100000 | H31: =IF(F31="","",ROUND(F31*(1-Ajustes!$B$3),-3)) | K31: 10 | L31: No | M31: Sí | N31: products/creatina-imn-500g.jpg
A32: Sí | B32: Lata C4 Energy Original (12 Unidades) | C32: Cellucor | D32: Pre-entrenos | E32: 168000 | G32: =IF(I32<>"",I32,ROUND(E32*(1-Ajustes!$B$3),-3)) -> 143000 | H32: =IF(F32="","",ROUND(F32*(1-Ajustes!$B$3),-3)) | K32: 10 | L32: No | M32: Sí | N32: products/lata-c4-energy-original-12-unidades.jpg
A33: Sí | B33: C4 Original 60 Servicios | C33: Cellucor | D33: Pre-entrenos | E33: 160000 | G33: =IF(I33<>"",I33,ROUND(E33*(1-Ajustes!$B$3),-3)) -> 136000 | H33: =IF(F33="","",ROUND(F33*(1-Ajustes!$B$3),-3)) | K33: 10 | L33: No | M33: Sí | N33: products/c4-original-60-servicios.jpg
A34: Sí | B34: C4 Original 30 Servicios | C34: Cellucor | D34: Pre-entrenos | E34: 120000 | G34: =IF(I34<>"",I34,ROUND(E34*(1-Ajustes!$B$3),-3)) -> 102000 | H34: =IF(F34="","",ROUND(F34*(1-Ajustes!$B$3),-3)) | K34: 10 | L34: No | M34: Sí | N34: products/c4-original-30-servicios.jpg
A35: Sí | B35: Prime W Collagen Stack | C35: Otras marcas (verificar) | D35: Multivitamínicos | E35: 81000 | G35: =IF(I35<>"",I35,ROUND(E35*(1-Ajustes!$B$3),-3)) -> 69000 | H35: =IF(F35="","",ROUND(F35*(1-Ajustes!$B$3),-3)) | K35: 10 | L35: No | M35: Sí | N35: products/prime-w-collagen-stack.jpg | O35: Verificar marca
A36: Sí | B36: Creatina Forcehold Healthy Sports 120 Gomitas | C36: Healthy Sports | D36: Creatinas | E36: 92000 | G36: =IF(I36<>"",I36,ROUND(E36*(1-Ajustes!$B$3),-3)) -> 78000 | H36: =IF(F36="","",ROUND(F36*(1-Ajustes!$B$3),-3)) | K36: 10 | L36: No | M36: Sí | N36: products/creatina-forcehold-healthy-sports-120-gomitas.jpg
A37: Sí | B37: Crea Gold 600G Alpha Bull | C37: Alpha Bull | D37: Creatinas | E37: 112000 | G37: =IF(I37<>"",I37,ROUND(E37*(1-Ajustes!$B$3),-3)) -> 95000 | H37: =IF(F37="","",ROUND(F37*(1-Ajustes!$B$3),-3)) | K37: 10 | L37: No | M37: Sí | N37: products/crea-gold-600g-alpha-bull.jpg
A38: Sí | B38: Crea Gold 300G Alpha Bull | C38: Alpha Bull | D38: Creatinas | E38: 71000 | G38: =IF(I38<>"",I38,ROUND(E38*(1-Ajustes!$B$3),-3)) -> 60000 | H38: =IF(F38="","",ROUND(F38*(1-Ajustes!$B$3),-3)) | K38: 10 | L38: No | M38: Sí | N38: products/crea-gold-300g-alpha-bull.jpg
A39: Sí | B39: Crea Gold 150G Alpha Bull | C39: Alpha Bull | D39: Creatinas | E39: 55000 | G39: =IF(I39<>"",I39,ROUND(E39*(1-Ajustes!$B$3),-3)) -> 47000 | H39: =IF(F39="","",ROUND(F39*(1-Ajustes!$B$3),-3)) | K39: 10 | L39: No | M39: Sí | N39: products/crea-gold-150g-alpha-bull.jpg
A40: Sí | B40: Magnesio Bisglicinato 60 Perlas Proscience | C40: Proscience | D40: Multivitamínicos | E40: 77000 | G40: =IF(I40<>"",I40,ROUND(E40*(1-Ajustes!$B$3),-3)) -> 65000 | H40: =IF(F40="","",ROUND(F40*(1-Ajustes!$B$3),-3)) | K40: 10 | L40: No | M40: Sí | N40: products/magnesio-bisglicinato-60-perlas-proscience.jpg
A41: Sí | B41: Whey Pure 3LB | C41: Nutramerican | D41: Proteínas limpias | E41: 259000 | G41: =IF(I41<>"",I41,ROUND(E41*(1-Ajustes!$B$3),-3)) -> 220000 | H41: =IF(F41="","",ROUND(F41*(1-Ajustes!$B$3),-3)) | K41: 10 | L41: No | M41: Sí | N41: products/whey-pure-3lb.jpg
A42: Sí | B42: Syrup Queen 320G (Salsa) | C42: Otras marcas (verificar) | D42: Snacks | E42: 48000 | G42: =IF(I42<>"",I42,ROUND(E42*(1-Ajustes!$B$3),-3)) -> 41000 | H42: =IF(F42="","",ROUND(F42*(1-Ajustes!$B$3),-3)) | K42: 10 | L42: No | M42: Sí | N42: products/syrup-queen-320g-salsa.jpg | O42: Verificar marca
A43: Sí | B43: Whey Cakes 1.45LB (Pancake) | C43: Otras marcas (verificar) | D43: Snacks | E43: 60000 | G43: =IF(I43<>"",I43,ROUND(E43*(1-Ajustes!$B$3),-3)) -> 51000 | H43: =IF(F43="","",ROUND(F43*(1-Ajustes!$B$3),-3)) | K43: 10 | L43: No | M43: Sí | N43: products/whey-cakes-1-45lb-pancake.jpg | O43: Verificar marca
A44: Sí | B44: Probióticos 60 Gomitas Healthy América | C44: Healthy America | D44: Multivitamínicos | E44: 68000 | G44: =IF(I44<>"",I44,ROUND(E44*(1-Ajustes!$B$3),-3)) -> 58000 | H44: =IF(F44="","",ROUND(F44*(1-Ajustes!$B$3),-3)) | K44: 10 | L44: No | M44: Sí | N44: products/probioticos-60-gomitas-healthy-america.jpg
A45: Sí | B45: NITROX IGNITE 300G | C45: Otras marcas (verificar) | D45: Pre-entrenos | E45: 68000 | G45: =IF(I45<>"",I45,ROUND(E45*(1-Ajustes!$B$3),-3)) -> 58000 | H45: =IF(F45="","",ROUND(F45*(1-Ajustes!$B$3),-3)) | K45: 10 | L45: No | M45: Sí | N45: products/nitrox-ignite-300g.jpg | O45: Verificar marca
A46: Sí | B46: Protein Mass 2LB Doctor Stronger | C46: Doctor Stronger | D46: Hipercalóricos | E46: 61000 | G46: =IF(I46<>"",I46,ROUND(E46*(1-Ajustes!$B$3),-3)) -> 52000 | H46: =IF(F46="","",ROUND(F46*(1-Ajustes!$B$3),-3)) | K46: 10 | L46: No | M46: Sí | N46: products/protein-mass-2lb-doctor-stronger.jpg
A47: Sí | B47: Citrato de Magnesio 60 Gomitas Healthy América | C47: Healthy America | D47: Multivitamínicos | E47: 65000 | G47: =IF(I47<>"",I47,ROUND(E47*(1-Ajustes!$B$3),-3)) -> 55000 | H47: =IF(F47="","",ROUND(F47*(1-Ajustes!$B$3),-3)) | K47: 10 | L47: No | M47: Sí | N47: products/citrato-de-magnesio-60-gomitas-healthy-america.jpg
A48: Sí | B48: Creatina Time 600g Vitanas | C48: Vitanas | D48: Creatinas | E48: 165000 | G48: =IF(I48<>"",I48,ROUND(E48*(1-Ajustes!$B$3),-3)) -> 140000 | H48: =IF(F48="","",ROUND(F48*(1-Ajustes!$B$3),-3)) | K48: 10 | L48: No | M48: Sí | N48: products/creatina-time-600g-vitanas.jpg
A49: Sí | B49: Atomic Monohidrato 300G | C49: Otras marcas (verificar) | D49: Creatinas | E49: 68000 | G49: =IF(I49<>"",I49,ROUND(E49*(1-Ajustes!$B$3),-3)) -> 58000 | H49: =IF(F49="","",ROUND(F49*(1-Ajustes!$B$3),-3)) | K49: 10 | L49: No | M49: Sí | N49: products/atomic-monohidrato-300g.jpg | O49: Verificar marca
A50: Sí | B50: Electron 300g | C50: Otras marcas (verificar) | D50: Pre-entrenos | E50: 71000 | G50: =IF(I50<>"",I50,ROUND(E50*(1-Ajustes!$B$3),-3)) -> 60000 | H50: =IF(F50="","",ROUND(F50*(1-Ajustes!$B$3),-3)) | K50: 10 | L50: No | M50: Sí | N50: products/electron-300g.jpg | O50: Verificar marca
A51: Sí | B51: Creatina Ultra Pure 500g Iron Nutrition | C51: Iron Nutrition | D51: Creatinas | E51: 105000 | G51: =IF(I51<>"",I51,ROUND(E51*(1-Ajustes!$B$3),-3)) -> 89000 | H51: =IF(F51="","",ROUND(F51*(1-Ajustes!$B$3),-3)) | K51: 10 | L51: No | M51: Sí | N51: products/creatina-ultra-pure-500g-iron-nutrition.jpg
A52: Sí | B52: Burner Stack 50 Sachets | C52: Otras marcas (verificar) | D52: Quemadores | E52: 118000 | G52: =IF(I52<>"",I52,ROUND(E52*(1-Ajustes!$B$3),-3)) -> 100000 | H52: =IF(F52="","",ROUND(F52*(1-Ajustes!$B$3),-3)) | K52: 10 | L52: No | M52: Sí | N52: products/burner-stack-50-sachets.jpg | O52: Verificar marca
A53: Sí | B53: Nut Rx | C53: Otras marcas (verificar) | D53: Proteínas limpias | E53: 49000 | G53: =IF(I53<>"",I53,ROUND(E53*(1-Ajustes!$B$3),-3)) -> 42000 | H53: =IF(F53="","",ROUND(F53*(1-Ajustes!$B$3),-3)) | K53: 10 | L53: No | M53: Sí | N53: products/nut-rx.jpg | O53: Verificar marca
A54: Sí | B54: Animal Iso Whey 2LB Universal | C54: Universal | D54: Proteínas limpias | E54: 227000 | G54: =IF(I54<>"",I54,ROUND(E54*(1-Ajustes!$B$3),-3)) -> 193000 | H54: =IF(F54="","",ROUND(F54*(1-Ajustes!$B$3),-3)) | K54: 10 | L54: No | M54: Sí | N54: products/animal-iso-whey-2lb-universal.jpg
A55: Sí | B55: Animal Iso Whey 4LB Universal | C55: Universal | D55: Proteínas limpias | E55: 337000 | G55: =IF(I55<>"",I55,ROUND(E55*(1-Ajustes!$B$3),-3)) -> 286000 | H55: =IF(F55="","",ROUND(F55*(1-Ajustes!$B$3),-3)) | K55: 10 | L55: No | M55: Sí | N55: products/animal-iso-whey-4lb-universal.jpg
A56: Sí | B56: Animal Pak 44 Packs Universal | C56: Universal | D56: Multivitamínicos | E56: 191000 | G56: =IF(I56<>"",I56,ROUND(E56*(1-Ajustes!$B$3),-3)) -> 162000 | H56: =IF(F56="","",ROUND(F56*(1-Ajustes!$B$3),-3)) | K56: 10 | L56: No | M56: Sí | N56: products/animal-pak-44-packs-universal.jpg
A57: Sí | B57: Animal 100% Whey Protein 4LB Universal | C57: Universal | D57: Proteínas limpias | E57: 314000 | G57: =IF(I57<>"",I57,ROUND(E57*(1-Ajustes!$B$3),-3)) -> 267000 | H57: =IF(F57="","",ROUND(F57*(1-Ajustes!$B$3),-3)) | K57: 10 | L57: No | M57: Sí | N57: products/animal-100-whey-protein-4lb-universal.jpg
A58: Sí | B58: Creatina Animal 500G Universal | C58: Universal | D58: Creatinas | E58: 135000 | G58: =IF(I58<>"",I58,ROUND(E58*(1-Ajustes!$B$3),-3)) -> 115000 | H58: =IF(F58="","",ROUND(F58*(1-Ajustes!$B$3),-3)) | K58: 10 | L58: No | M58: Sí | N58: products/creatina-animal-500g-universal.jpg
A59: Sí | B59: B Complex 60 Gomitas Healthy América | C59: Healthy America | D59: Multivitamínicos | E59: 56000 | G59: =IF(I59<>"",I59,ROUND(E59*(1-Ajustes!$B$3),-3)) -> 48000 | H59: =IF(F59="","",ROUND(F59*(1-Ajustes!$B$3),-3)) | K59: 10 | L59: No | M59: Sí | N59: products/b-complex-60-gomitas-healthy-america.jpg
A60: Sí | B60: Citrato de Magnesio 1500mg 60 Cápsulas Healthy América | C60: Healthy America | D60: Multivitamínicos | E60: 62000 | G60: =IF(I60<>"",I60,ROUND(E60*(1-Ajustes!$B$3),-3)) -> 53000 | H60: =IF(F60="","",ROUND(F60*(1-Ajustes!$B$3),-3)) | K60: 10 | L60: No | M60: Sí | N60: products/citrato-de-magnesio-1500mg-60-capsulas-healthy-america.jpg
A61: Sí | B61: Nutra Pops 12 Unidades 45g Cereal Proteico | C61: Otras marcas (verificar) | D61: Snacks | E61: 72000 | G61: =IF(I61<>"",I61,ROUND(E61*(1-Ajustes!$B$3),-3)) -> 61000 | H61: =IF(F61="","",ROUND(F61*(1-Ajustes!$B$3),-3)) | K61: 10 | L61: No | M61: Sí | N61: products/nutra-pops-12-unidades-45g-cereal-proteico.jpg | O61: Verificar marca
A62: Sí | B62: Nutra Pops 495g Cereal Proteico | C62: Otras marcas (verificar) | D62: Snacks | E62: 68000 | G62: =IF(I62<>"",I62,ROUND(E62*(1-Ajustes!$B$3),-3)) -> 58000 | H62: =IF(F62="","",ROUND(F62*(1-Ajustes!$B$3),-3)) | K62: 10 | L62: No | M62: Sí | N62: products/nutra-pops-495g-cereal-proteico.jpg | O62: Verificar marca
A63: Sí | B63: EAA+ 30 Servicios MuscleTech | C63: MuscleTech | D63: Aminoácidos | E63: 161000 | G63: =IF(I63<>"",I63,ROUND(E63*(1-Ajustes!$B$3),-3)) -> 137000 | H63: =IF(F63="","",ROUND(F63*(1-Ajustes!$B$3),-3)) | K63: 10 | L63: No | M63: Sí | N63: products/eaa-30-servicios-muscletech.jpg
A64: Sí | B64: Dylator 30 Servicios | C64: Otras marcas (verificar) | D64: Pre-entrenos | E64: 88000 | G64: =IF(I64<>"",I64,ROUND(E64*(1-Ajustes!$B$3),-3)) -> 75000 | H64: =IF(F64="","",ROUND(F64*(1-Ajustes!$B$3),-3)) | K64: 10 | L64: No | M64: Sí | N64: products/dylator-30-servicios.jpg | O64: Verificar marca
A65: Sí | B65: Supreme Multivitamínico 60 Gomitas TNT | C65: TNT | D65: Multivitamínicos | E65: 64000 | G65: =IF(I65<>"",I65,ROUND(E65*(1-Ajustes!$B$3),-3)) -> 54000 | H65: =IF(F65="","",ROUND(F65*(1-Ajustes!$B$3),-3)) | K65: 10 | L65: No | M65: Sí | N65: products/supreme-multivitaminico-60-gomitas-tnt.jpg
A66: Sí | B66: Creatina Ultra 90 Gomitas TNT | C66: TNT | D66: Creatinas | E66: 88000 | G66: =IF(I66<>"",I66,ROUND(E66*(1-Ajustes!$B$3),-3)) -> 75000 | H66: =IF(F66="","",ROUND(F66*(1-Ajustes!$B$3),-3)) | K66: 10 | L66: No | M66: Sí | N66: products/creatina-ultra-90-gomitas-tnt.jpg
A67: Sí | B67: Creatina Ultra 150G Creapure TNT | C67: TNT | D67: Creatinas | E67: 75000 | G67: =IF(I67<>"",I67,ROUND(E67*(1-Ajustes!$B$3),-3)) -> 64000 | H67: =IF(F67="","",ROUND(F67*(1-Ajustes!$B$3),-3)) | K67: 10 | L67: No | M67: Sí | N67: products/creatina-ultra-150g-creapure-tnt.jpg
A68: Sí | B68: Creatina Ultra 300G Creapure TNT | C68: TNT | D68: Creatinas | E68: 118000 | G68: =IF(I68<>"",I68,ROUND(E68*(1-Ajustes!$B$3),-3)) -> 100000 | H68: =IF(F68="","",ROUND(F68*(1-Ajustes!$B$3),-3)) | K68: 10 | L68: No | M68: Sí | N68: products/creatina-ultra-300g-creapure-tnt.jpg
A69: Sí | B69: Creatina Animal 1000G Universal | C69: Universal | D69: Creatinas | E69: 193000 | G69: =IF(I69<>"",I69,ROUND(E69*(1-Ajustes!$B$3),-3)) -> 164000 | H69: =IF(F69="","",ROUND(F69*(1-Ajustes!$B$3),-3)) | K69: 10 | L69: No | M69: Sí | N69: products/creatina-animal-1000g-universal.jpg
A70: Sí | B70: Creatina Animal 300G Universal | C70: Universal | D70: Creatinas | E70: 103000 | G70: =IF(I70<>"",I70,ROUND(E70*(1-Ajustes!$B$3),-3)) -> 88000 | H70: =IF(F70="","",ROUND(F70*(1-Ajustes!$B$3),-3)) | K70: 10 | L70: No | M70: Sí | N70: products/creatina-animal-300g-universal.jpg
A71: Sí | B71: EAA’S 540g Supra | C71: Supra | D71: Aminoácidos | E71: 111000 | G71: =IF(I71<>"",I71,ROUND(E71*(1-Ajustes!$B$3),-3)) -> 94000 | H71: =IF(F71="","",ROUND(F71*(1-Ajustes!$B$3),-3)) | K71: 10 | L71: No | M71: Sí | N71: products/eaa-s-540g-supra.jpg
A72: Sí | B72: Radical Power 360G | C72: Otras marcas (verificar) | D72: Pre-entrenos | E72: 118000 | G72: =IF(I72<>"",I72,ROUND(E72*(1-Ajustes!$B$3),-3)) -> 100000 | H72: =IF(F72="","",ROUND(F72*(1-Ajustes!$B$3),-3)) | K72: 10 | L72: No | M72: Sí | N72: products/radical-power-360g.jpg | O72: Verificar marca
A73: Sí | B73: Crex Monohidrato 500G Rhinox | C73: Rhinox | D73: Creatinas | E73: 79000 | G73: =IF(I73<>"",I73,ROUND(E73*(1-Ajustes!$B$3),-3)) -> 67000 | H73: =IF(F73="","",ROUND(F73*(1-Ajustes!$B$3),-3)) | K73: 10 | L73: No | M73: Sí | N73: products/crex-monohidrato-500g-rhinox.jpg
A74: Sí | B74: Creatina Optimum Nutrition 1.2KG | C74: Optimum Nutrition | D74: Creatinas | E74: 255000 | G74: =IF(I74<>"",I74,ROUND(E74*(1-Ajustes!$B$3),-3)) -> 217000 | H74: =IF(F74="","",ROUND(F74*(1-Ajustes!$B$3),-3)) | K74: 10 | L74: No | M74: Sí | N74: products/creatina-optimum-nutrition-1-2kg.jpg
A75: Sí | B75: Creapure IMN LAB 300G | C75: IMN | D75: Creatinas | E75: 132000 | G75: =IF(I75<>"",I75,ROUND(E75*(1-Ajustes!$B$3),-3)) -> 112000 | H75: =IF(F75="","",ROUND(F75*(1-Ajustes!$B$3),-3)) | K75: 10 | L75: No | M75: Sí | N75: products/creapure-imn-lab-300g.jpg
A76: Sí | B76: Vitamina D2000 + K2 120 Cápsulas IMN | C76: IMN | D76: Multivitamínicos | E76: 72000 | G76: =IF(I76<>"",I76,ROUND(E76*(1-Ajustes!$B$3),-3)) -> 61000 | H76: =IF(F76="","",ROUND(F76*(1-Ajustes!$B$3),-3)) | K76: 10 | L76: No | M76: Sí | N76: products/vitamina-d2000-k2-120-capsulas-imn.jpg
A77: Sí | B77: Complejo B 120 Cápsulas IMN | C77: IMN | D77: Multivitamínicos | E77: 68000 | G77: =IF(I77<>"",I77,ROUND(E77*(1-Ajustes!$B$3),-3)) -> 58000 | H77: =IF(F77="","",ROUND(F77*(1-Ajustes!$B$3),-3)) | K77: 10 | L77: No | M77: Sí | N77: products/complejo-b-120-capsulas-imn.jpg
A78: Sí | B78: Omega 3 120 Cápsulas IMN | C78: IMN | D78: Multivitamínicos | E78: 75000 | G78: =IF(I78<>"",I78,ROUND(E78*(1-Ajustes!$B$3),-3)) -> 64000 | H78: =IF(F78="","",ROUND(F78*(1-Ajustes!$B$3),-3)) | K78: 10 | L78: No | M78: Sí | N78: products/omega-3-120-capsulas-imn.jpg
A79: Sí | B79: Cre Monohidratada 910g Supra | C79: Supra | D79: Creatinas | E79: 116000 | G79: =IF(I79<>"",I79,ROUND(E79*(1-Ajustes!$B$3),-3)) -> 99000 | H79: =IF(F79="","",ROUND(F79*(1-Ajustes!$B$3),-3)) | K79: 10 | L79: No | M79: Sí | N79: products/cre-monohidratada-910g-supra.jpg
A80: Sí | B80: Vitamina D3 + K2 60 Perlas Proscience | C80: Proscience | D80: Multivitamínicos | E80: 77000 | G80: =IF(I80<>"",I80,ROUND(E80*(1-Ajustes!$B$3),-3)) -> 65000 | H80: =IF(F80="","",ROUND(F80*(1-Ajustes!$B$3),-3)) | K80: 10 | L80: No | M80: Sí | N80: products/vitamina-d3-k2-60-perlas-proscience.jpg

Sheet Ajustes
A1: Ajustes del catálogo
A3: Descuento frente a la referencia | B3: 0.15
A4: Redondeo | B4: A miles (ej: $118.150 → $118.000)
A6: Cómo usar este archivo
A7: 1. En la hoja Catálogo, edita solo las celdas amarillas (precios propios, sabores, stock, etc.).
A8: 2. Las columnas "Precio NAC" y "Oferta NAC" se calculan solas con el descuento de arriba. Si quieres un precio distinto, escríbelo en "Precio manual".
A9: 3. Marca "No" en la columna Incluir para quitar un producto de la página.
A10: 4. "Marca" dice "Otras marcas (verificar)" cuando el nombre no la deja clara: corrígela.
A11: 5. Guarda cada foto en la carpeta products con el nombre de la columna "Archivo de foto".
A12: 6. Cuando termines, envía este Excel a Claude para actualizar la página.
A13: Precios de referencia: tomados del código de la página guardado el 12/10/2026 (página de inicio).
A14: Se excluyeron 8 combos que son armados propios de la tienda de referencia.
